statistic	value
raw_reads	200000
candidate_reads	200000
candidate_pairs	100000
graph_nodes	200000
candidate_kmer_hits	11296335957
candidate_pairs_scored	9999761
graph_edges	6658585
unretained_candidate_hits_at_cap	11286255756
rejected_by_alignment_thresholds	3341202
connected_components	23717
isolated_nodes	22598
branch_nodes	170677
cycles	691
paths_generated	51777
paths_emitted	51777
components_at_path_limit	157
max_paths_per_component	100
max_nodes_per_path	64
mean_overlap	32.2515
median_overlap	31
mean_identity	0.999442
median_identity	1
mean_QAOS	0.99315
median_QAOS	0.99759
N50	212
assembled_bases	10425308
requested_threads	64
openmp_threads	64
CPU_utilization_percent	90.7392
elapsed_seconds	409.521
user_CPU_seconds	23771.9
peak_RSS_MB	1736
major_page_faults	0
minor_page_faults	556389
